1413961609,90.60.210.35,Orange,44.2,0.6333,Orange,http://svds.com/rockandroll/css/gumby.css,/svds.com/rockandroll/fonts/icons/entypo.woff
1413961611,90.60.210.35,Orange,44.2,0.6333,Orange,http://svds.com/rockandroll/css/gumby.css,/svds.com/rockandroll/fonts/icons/entypo.ttf
1413983713,64.132.218.186,tw telecom holdings,40.7317,-73.9885,Bazaarvoice,http://svds.com/rockandroll/,/svds.com/rockandroll/css/gumby.css
1413983713,64.132.218.186,tw telecom holdings,40.7317,-73.9885,Bazaarvoice,http://svds.com/rockandroll/,/svds.com/rockandroll/js/libs/gumby.js
1413983713,64.132.218.186,tw telecom holdings,40.7317,-73.9885,Bazaarvoice,http://svds.com/rockandroll/,/svds.com/rockandroll/js/libs/modernizr-2.6.2.min.js
1413983713,64.132.218.186,tw telecom holdings,40.7317,-73.9885,Bazaarvoice,http://svds.com/rockandroll/,/svds.com/rockandroll/js/libs/ui/gumby.fittext.js
1413983713,64.132.218.186,tw telecom holdings,40.7317,-73.9885,Bazaarvoice,http://svds.com/rockandroll/,/svds.com/rockandroll/js/libs/ui/gumby.retina.js
1413983713,64.132.218.186,tw telecom holdings,40.7317,-73.9885,Bazaarvoice,http://svds.com/rockandroll/,/svds.com/rockandroll/js/libs/ui/gumby.fixed.js
1413983713,64.132.218.186,tw telecom holdings,40.7317,-73.9885,Bazaarvoice,http://svds.com/rockandroll/,/svds.com/rockandroll/js/libs/ui/gumby.skiplink.js
1413983713,64.132.218.186,tw telecom holdings,40.7317,-73.9885,Bazaarvoice,http://svds.com/rockandroll/,/svds.com/rockandroll/js/libs/ui/gumby.checkbox.js
1413983713,64.132.218.186,tw telecom holdings,40.7317,-73.9885,Bazaarvoice,http://svds.com/rockandroll/,/svds.com/rockandroll/js/libs/ui/gumby.toggleswitch.js
1413983713,64.132.218.186,tw telecom holdings,40.7317,-73.9885,Bazaarvoice,http://svds.com/rockandroll/,/svds.com/rockandroll/js/libs/ui/gumby.radiobtn.js
1413983713,64.132.218.186,tw telecom holdings,40.7317,-73.9885,Bazaarvoice,http://svds.com/rockandroll/,/svds.com/rockandroll/js/libs/ui/gumby.tabs.js
1413983713,64.132.218.186,tw telecom holdings,40.7317,-73.9885,Bazaarvoice,http://svds.com/rockandroll/,/svds.com/rockandroll/js/libs/ui/gumby.navbar.js
1413983713,64.132.218.186,tw telecom holdings,40.7317,-73.9885,Bazaarvoice,http://svds.com/rockandroll/,/svds.com/rockandroll/js/libs/ui/jquery.validation.js
1413983713,64.132.218.186,tw telecom holdings,40.7317,-73.9885,Bazaarvoice,http://svds.com/rockandroll/,/svds.com/rockandroll/js/libs/gumby.init.js
1413983713,64.132.218.186,tw telecom holdings,40.7317,-73.9885,Bazaarvoice,http://svds.com/rockandroll/,/svds.com/rockandroll/js/libs/d3.min.js
1413983713,64.132.218.186,tw telecom holdings,40.7317,-73.9885,Bazaarvoice,http://svds.com/rockandroll/,/svds.com/rockandroll/js/libs/underscore-min.js
1413983713,64.132.218.186,tw telecom holdings,40.7317,-73.9885,Bazaarvoice,http://svds.com/rockandroll/,/svds.com/rockandroll/js/libs/backbone-min.js
1413983713,64.132.218.186,tw telecom holdings,40.7317,-73.9885,Bazaarvoice,http://svds.com/rockandroll/,/svds.com/rockandroll/js/all.min.js
1413983713,64.132.218.186,tw telecom holdings,40.7317,-73.9885,Bazaarvoice,http://svds.com/rockandroll/,/svds.com/rockandroll/font/Amatic-Bold.ttf
1413983713,64.132.218.186,tw telecom holdings,40.7317,-73.9885,Bazaarvoice,http://svds.com/rockandroll/,/svds.com/rockandroll/data/artist.json
1413983713,64.132.218.186,tw telecom holdings,40.7317,-73.9885,Bazaarvoice,http://svds.com/rockandroll/,/svds.com/rockandroll/data/influencers.json
1413983714,64.132.218.186,tw telecom holdings,40.7317,-73.9885,Bazaarvoice,http://svds.com/rockandroll/,/svds.com/rockandroll/data/songs.json
1413983713,64.132.218.186,tw telecom holdings,40.7317,-73.9885,Bazaarvoice,http://svds.com/rockandroll/css/gumby.css,/svds.com/rockandroll/fonts/icons/entypo.woff
1413983714,64.132.218.186,tw telecom holdings,40.7317,-73.9885,Bazaarvoice,http://svds.com/rockandroll/css/gumby.css,/svds.com/rockandroll/fonts/icons/entypo.ttf
